Ref n°,Authors,Title,,,,,Year,Citations,Topic 1,Topic 2,Methodology 1,Methodology 2,Remark
1,"GM Wagnild, HM Young",Development and Psychometric Evaluation of the Resilience Scale,,,,,1993,7877,Psychology,,Survey,,All
2,"L Campbell‐Sills, MB Stein",Psychometric analysis and refinement of the connor–davidson resilience scale (CD-RISC): Validation of a 10-item measure of resilience,,,,,2007,3865,Psychology,,Survey,,All
3,"NR Ahern, EM Kiehl, M Lou Sole",A review of instruments measuring resilience,,,,,2006,1231,Psychology,,Survey,,TN
4,"G Windle, KM Bennett, J Noyes",A methodological review of resilience measurement scales,,,,,2011,3129,Psychology,,Survey,,TN
5,"Y Wu, W Yu, X Wu, H Wan, Y Wang, G Lu",Psychological resilience and positive coping styles among Chinese undergraduate students: a cross-sectional study,,,,,2020,229,Psychology,,Survey,,All
6,"RJ Testa, J Habarth, J Peta, K Balsam",Development of the gender minority stress and resilience measure.,,,,,2015,1477,Psychology,,Survey,,All
7,"AS Masten, J Obradović",Competence and resilience in development,,,,,2007,1909,Psychology,,Tech,,
8,"R Kalisch, MB Müller, O Tüscher",A conceptual framework for the neurobiological study of resilience,,,,,2015,780,Psychology,,Tech,,
9,"SN Haynes, WH O'Brien",Principles and practice of behavioral assessment,,,,,2000,903,Psychology,,Tech,,
10,"DM Fisher, RD Law",How to choose a measure of resilience: An organizing framework for resilience measurement,,,,,2021,68,Psychology,,Survey,,E
11,Gregory H. Mumma & Jason L. Smith ,Cognitive–behavioral-interpersonal scenarios: interformulator reliability and convergent validity,,,,,2001,74,Psychology,,Tech,,
12,"BD Yetton, J Revord, S Margolis, S Lyubomirsky, AR Seitz",Cognitive and physiological measures in well-being science: Limitations and lessons,,,,,2019,31,Psychology,,Metrics,,
13,Henrik Thorén & Lennart Olsson,Is resilience a normative concept?,,,,,2017,82,CAS,,Survey,,TN
14,"RD Kocalevent, M Zenger, I Heinen, S Dwinger, O Decker, E Brähler",Resilience in the general population: standardization of the resilience scale (RS-11),,,,,2015,76,Psychology,,Survey,,TN
15,"RD Kocalevent, M Zenger, A Hinz, B Klapp",Resilient coping in the general population: standardization of the brief resilient coping scale (BRCS),,,,,2017,130,Psychology,,Survey,,TN
16,S Prince-Embury,"The resiliency scales for children and adolescents, psychological symptoms, and clinical status in adolescents",,,,,2008,230,Psychology,,Survey,,All
17,"D Fletcher, M Sarkar",Psychological resilience,,,,,2013,3738,Psychology,,Survey,,TN
18,"G Wu, A Feder, H Cohen, JJ Kim, S Calderon",Understanding resilience,,,,,2013,1144,Psychology,,Metrics,,
19,"JA Pooley, L Cohen",Resilience: A definition in context,,,,,2010,370,Psychology,,Case Studies,,
20,"PA Atkinson, CR Martin, J Rankin",Resilience revisited,,,,,2009,409,Psychology,,Case Studies,,
21,KA Foster,A case study approach to understanding regional resilience,,,,,2007,510,Psychology,,Case Studies,,
22,"AL Cooper, JA Brown, CS Rees",Nurse resilience: A concept analysis,,,,,2020,348,Psychology,,Case Studies,,
23,"G Prati, AD Mancini ",The psychological impact of COVID-19 pandemic lockdowns: a review and meta-analysis of longitudinal studies and natural experiments,,,,,2021,847,Psychology,,Long Studies,,
24,EE Werner,"Risk, resilience, and recovery: Perspectives from the Kauai Longitudinal Study",,,,,1993,2630,Psychology,,Long Studies,,
25,"A Wiedemann, J Stochl, SAS Neufeld, J Fritz, J Bhatti",The impact of the initial COVID-19 outbreak on young adults' mental health: a longitudinal study of risk and resilience factors,,,,,2022,28,Psychology,,Long Studies,,
26,"FH Norris, M Tracy, S Galea ",Looking for resilience: Understanding the longitudinal trajectories of responses to stress,,,,,2009,829,Psychology,,Long Studies,,
27,"GC Manikis, K Kourou, P Poikonen-Saksela, H Kondylakis, E Karademas, K Marias",Computational modeling of psychological resilience trajectories during breast cancer treatment,,,,,2019,5,Psychology,,SM,,
28,"S Kleitman, SA Jackson, LM Zhang, MD Blanchard, NB Rizvandi, E Aidman",Applying Evidence-Centered Design to Measure Psychological Resilience: The Development and Preliminary Validation of a Novel Simulation-Based Assessment Methodology,,,,,2022,2,Psychology,,SM,,
29,M Ungar,Modeling multisystemic resilience,,,,,2021,78,Psychology,,SM,,
30,"C Modafferi, M Passarelli, C Chiorri",Untying a Gordian knot: Exploring the nomological network of resilience,,,,,2023,5,Psychology,,SM,,
31,"R Van der Hallen, J Jongerling, BP Godor",Coping and resilience in adults: a cross-sectional network analysis,,,,,2020,89,Psychology,,Net Analysis,,
32,"R Kalisch, AOJ Cramer, H Binder",Deconstructing and reconstructing resilience: a dynamic network approach,,,,,2019,272,Psychology,,Net Analysis,,
33,"K Hoorelbeke, I Marchetti, M De Schryver",The interplay between cognitive risk and resilience factors in remitted depression: A network analysis,,,,,2016,128,Psychology,,Net Analysis,,
34,"J Höltge, L Theron, RG Cowden, K Govender, SI Maximo, JS Carranza, B Kapoor, A Tomar",A cross-country network analysis of adolescent resilience,,,,,2021,96,Psychology,,Net Analysis,,
35,"L Carnevali, J Koenig, A Sgoifo",Autonomic and Brain Morphological Predictors of Stress Resilience,,,,,2018,134,Psychology,,Metrics,,
36,"G Rakesh, RA Morey, AS Zannas, Z Malik, CE Marx, AN Clausen, MD Kritzer, ST Szabo",Resilience as a translational endpoint in the treatment of PTSD,,,,,2019,83,Psychology,,Metrics,,
37,"R Kalisch, SJ Russo, MB Müller",Neurobiology and systems biology of stress resilience,,,,,2024,19,Psychology,,Tech,,
38,"F Shaffer, JP Ginsberg ",An overview of heart rate variability metrics and norms,,,,,2017,6257,Psychology,,Metrics,,
39,"H Krakovská, C Kuehn, IP Longo",Resilience of dynamical systems,,,,,2024,20,Math,,SM,,
40,M Ouyang,A mathematical framework to optimize resilience of interdependent critical infrastructure systems under spatially localized attacks,,,,,2017,158,Math,,SM,,
41,"N Sharma, A Tabandeh, P Gardoni",Resilience analysis: A mathematical formulation to model resilience of engineering systems,,,,,2018,285,Engineering,,SM,,
42,"A Kott, MJ Weisman",Mathematical modeling of cyber resilience,,,,,2022,8,Cyber,,SM,,
43,R Ranjan,Mathematical modeling of drought resilience in agriculture,,,,,2013,16,Climate,,SM,,
44,"Wiener, Norbert",Cybernetics or Control and Communication in the Animal and the Machine,,,,,1948,21310,Engineering,,SM,,
45,"Wiener, Norbert",The Human Use of Human Beings: Cybernetics and Society,,,,,1950,8158,Engineering,,Survey,,TN
46,"Holling, Crawford S.",Resilience and stability of ecological systems,,,,,1973,24708,Ecology,CAS,SM,,
47,"T Hashimoto, JR Stedinger","Reliability, resiliency, and vulnerability criteria for water resource system performance evaluation",,,,,1982,2416,Ecology,,SM,,
48,"Gunderson, Lance H.",Ecological resilience—in theory and application,,,,,2000,3793,Ecology,,Case Studies,,
49,"F Berkes, C Folke, J Colding",Linking social and ecological systems: management practices and social mechanisms for building resilience,,,,,2000,6378,Ecology,,Case Studies,,
50,AR Ives,Measuring resilience in stochastic systems,,,,,1995,379,CAS,Ecology,Case Studies,SM,
51,"S Gillard, DP David, A Mermoud, T Maillart",Efficient collective action for tackling time-critical cybersecurity threats,,,,,2023,8,Org,Cyber,Net Analysis,Net Analysis,
52,"M Kuypers, T Maillart ",Designing organizations for cyber security resilience,,,,,2018,8,Org,Cyber,Metrics,Long Studies,
53,"T Maillart, L Gomez, E Lombard",Computational diplomacy: how 'hackathons for good'feed a participatory future for multilateralism in the digital age,,,,,2024,1,Ecology,,Tech,Long Studies,
54,"M Scheffer, S Carpenter, JA Foley, C Folke, B Walker",Catastrophic shifts in ecosystems,,,,,2001,8844,Ecology,Climate,Case Studies,Case Studies,
55,"AE Sanders, S Lim, W Sohn",Resilience to urban poverty: theoretical and empirical considerations for population health,,,,,2008,116,Health,,Long Studies,,
56,"E Koelmel, AJ Hughes, KN Alschuler",Resilience mediates the longitudinal relationships between social support and mental health outcomes in multiple sclerosis,,,,,2017,152,Psychology,Health,Long Studies,Long Studies,
57,"W Ellis, WH Dietz, KLD Chen",Community resilience: a dynamic model for public health 3.0,,,,,2022,37,Health,,SM,,
58,"K Kjeldstadli, R Tyssen, A Finset, E Hem, T Gude","Life satisfaction and resilience in medical school–a six-year longitudinal, nationwide and comparative study",,,,,2006,420,Health,,Long Studies,,
59,"LP Brinkhof, KBS Huth, JMJ Murre, S de Wit",The interplay between quality of life and resilience factors in later life: a network analysis,,,,,2021,32,Psychology,Health,Net Analysis,Net Analysis,
60,"R Liu, W Duan",Assessing perceptions of resilience: The understanding from network analysis,,,,,2023,6,Psychology,Health,Net Analysis,Net Analysis,
61,"R Sheaff, L Benson, L Farbus, J Schofield",Network resilience in the face of health system reform,,,,,2010,61,Health,,Long Studies,Case Studies,
62,"MA Janssen, Ö Bodin, JM Anderies, T Elmqvist, H Ernstson, RRJ McAllister, P Olsson",Toward a network perspective of the study of resilience in social-ecological systems,,,,,2006,765,Ecology,,Net Analysis,,
63,"GP Cimellaro, AM Reinhorn… ",Seismic resilience of a hospital system,,,,,2010,720,Climate,,SM,,
64,E Ostrom,Governing the commons: The evolution of institutions for collective action,,,,,1990,58400,Ecology,,Case Studies,,
65,"J Moreno, D Shaw",Women's empowerment following disaster: a longitudinal study of social change,,,,,2018,162,Ecology,,Long Studies,,
66,"RL Hawkins, K Maurer",Successful adaptation to climate change across scales,,,,,2010,995,Ecology,Climate,Case Studies,Case Studies,
67,Rana,Disaster and climate change resilience: A bibliometric analysis,,,,,2020,129,Climate,,Metrics,,
68,RW Kates,Cautionary tales: adaptation and the global poor,,,,,2000,537,Climate,,Case Studies,,
69,"S Carpenter, B Walker, JM Anderies, N Abel",From metaphor to measurement: resilience of what to what?,,,,,2001,5216,Ecology,,SM,,
70,"L Gibbs, E Waters, RA Bryant, P Pattison, D Lusher, L Harms, J Richardson, C MacDougall","Beyond Bushfires: Community, Resilience and Recovery - a longitudinal mixed method study of the medium to long term impacts of bushfires on mental health and social connectedness",,,,,2013,112,Health,,Long Studies,Survey,All
71,"K McSweeney, OT Coomes",Climate-related disaster opens a window of opportunity for rural poor in northeastern Honduras,,,,,2011,173,Climate,,Long Studies,Case Studies,
72,"J Homer, G Hirsch, M Minniti, M Pierson",Models for collaboration: How system dynamics helped a community organize cost‐effective care for chronic illness,,,,,2004,199,Health,,SM,,
73,"DT Levy, JE Bauer, H Lee",Simulation modeling and tobacco control: creating more robust public health policies,,,,,2006,133,Health,,SM,,
74,"GP Cimellaro, M Malavisi, S Mahin",Using discrete event simulation models to evaluate resilience of an emergency department,,,,,2017,88,Ecology,,SM,,
75,"MC Weinstein, PG Coxson, LW Williams, TM Pass, WB Stason, L Goldman","Forecasting coronary heart disease incidence, mortality, and cost: the Coronary Heart Disease Policy Model.",,,,,1987,488,Health,,SM,,
76,"JCJH Aerts, WJ Botzen, KC Clarke, SL Cutter",Integrating human behaviour dynamics into flood disaster risk assessment,,,,,2018,556,Climate,Cyber,Tech,Tech,
77,"AS Mase, BM Gramig, LS Prokopy","Climate change beliefs, risk perceptions, and adaptation behavior among Midwestern US crop farmers",,,,,2017,476,Climate,Cyber,Survey,Survey,All
78,"A Matsukawa, S Nagamatsu, R Ohtsuka, H Hayashi",Disaster Resilience Scale for individuals: A fundamental requirement for a disaster-resilient society,,,,,2024,1,Climate,,Survey,,ET
79,"S Hochrainer-Stigler, F Laurien, S Velev, A Keating, R Mechler",Standardized disaster and climate resilience grading: A global scale empirical analysis of community flood resilience,,,,,2020,27,Ecology,,Metrics,,
80,"H Osbahr, C Twyman, WN Adger, DSG Thomas",Effective livelihood adaptation to climate change disturbance: scale dimensions of practice in Mozambique,,,,,2008,519,Ecology,Climate,Case Studies,Case Studies,
81,"T Barot, L Lackova",Confirmation of cybernetical modelling in applied research of resilience,,,,,2021,3,Engineering,,SM,Net Analysis,
82,"O Kammouh, P Gardoni, GP Cimellaro ",Probabilistic framework to evaluate the resilience of engineering systems using Bayesian and dynamic Bayesian networks,,,,,2020,225,Engineering,,SM,Case Studies,
83,"NUI Hossain, R Jaradat, S Hosseini",A framework for modeling and assessing system resilience using a Bayesian network: A case study of an interdependent electrical infrastructure system,,,,,2019,142,Engineering,,SM,Case Studies,
84,"Y Meng, X Liu, C Ding, B Xu, G Zhou, L Zhu",Analysis of ecological resilience to evaluate the inherent maintenance capacity of a forest ecosystem using a dense Landsat time series,,,,,2020,30,Ecology,Engineering,Metrics,SM,
85,"Mahajan, S., Hausladen, C. I., Sánchez-Vaquerizo, J. A., Korecki, M., & Helbing, D.","Participatory resilience: Surviving, recovering and improving together.",,,,,2022,65,Ecology,Climate,Case Studies,Case Studies,
86,"Duchek, Stephanie",Organizational resilience: a capability-based conceptualization.,,,,,2020,1597,Org,,Survey,,TN
87,"Hepfer, M., & Lawrence, T. B.","The Heterogeneity of Organizational Resilience: Exploring functional, operational and strategic resilience.",,,,,2022,80,Org,,Survey,,TN
88,"Goessling-Reisemann, S., & Thier, P",On the difference between risk management and resilience management for critical infrastructures,,,,,2019,22,Cyber,,Survey,,TN
89,"Mizrak, F.",Integrating cybersecurity risk management into strategic management: a comprehensive literature review,,,,,2023,66,Org,Cyber,Survey,Survey,T
90,"Bruneau, M., Chang, S. E., Eguchi, R. T., Lee, G. C., O'Rourke, T. D., Reinhorn, A. M., ... & Von Winterfeldt, D. ",A framework to quantitatively assess and enhance the seismic resilience of communities.,,,,,2003,6320,Ecology,Climate,Metrics,Metrics,
91,"Folke, C., Carpenter, S., Elmqvist, T., Gunderson, L., Holling, C. S., & Walker, B.",Resilience and Sustainable Development: Building Adaptive Capacity in a World of Transformations,,,,,2002,4898,CAS,,Case Studies,,
92,"Linkov, I., & Kott, A.",Fundamental concepts of cyber resilience: Introduction and overview,,,,,2018,203,Cyber,,Survey,,TN
93,"Antonovsky, A., Maoz, B., Dowty, N., & Wijsenbeek, H. ",Twenty-five years later: A limited study of the sequelae of the concentration camp experience,,,,,1971,277,Psychology,,Survey,,All
94,"Hill, R.",Generic features of families under stress,,,,,1958,1695,Psychology,,Case Studies,,
95,"Lee, A. V., Vargo, J., & Seville, E.",Developing a tool to measure and compare organizations' resilience,,,,,2013,1088,Org,,Survey,,TN
96,"Krotofil, M., & Cárdenas, A. A.",Resilience of process control systems to cyber-physical attacks,,,,,2013,95,Engineering,Cyber,SM,SM,
97,"Awiszus, K., Bell, Y., Lüttringhaus, J., Svindland, G., Voss, A., & Weber, S.",Building resilience in cybersecurity: An artificial lab approach,,,,,2024,6,Cyber,,SM,,
98,"Linkov, I., Eisenberg, D. A., Plourde, K., Seager, T. P., Allen, J., & Kott, A.",Resilience metrics for cyber systems,,,,,2013,364,Cyber,,Metrics,,
99,"Park, J., Seager, T. P., Rao, P. S. C., Convertino, M., & Linkov, I.",Integrating risk and resilience approaches to catastrophe management in engineering systems,,,,,2013,767,CAS,Climate,SM,Case Studies,
100,"Groenendaal, J., & Helsloot, I.",Cyber resilience during the COVID‐19 pandemic crisis: A case study,,,,,2021,47,Cyber,,Case Studies,,
101,"Blackhurst, J., Dunn, K. S., & Craighead, C. W.",An empirically derived framework of global supply resiliency,,,,,2011,956,Org,,Survey,,ET
102,"Pettit, T. J., Fiksel, J., & Croxton, K. L.",Ensuring supply chain resilience: development of a conceptual framework,,,,,2010,1809,Org,,Case Studies,,
103,"Joinson, A. N., Dixon, M., Coventry, L., & Briggs, P.",Development of a new ‘human cyber-resilience scale’,,,,,2023,4,Psychology,Cyber,Survey,Survey,All
104,"Carías, J. F., Arrizabalaga, S., Labaka, L., & Hernantes, J.",Cyber Resilience Self-Assessment Tool (CR-SAT) for SMEs,,,,,2021,24,Cyber,,Case Studies,,
105,"Trucco, P., & Petrenj, B.",Characterisation of resilience metrics in full-scale applications to interdependent infrastructure systems,,,,,2023,19,Engineering,Engineering,Metrics,Metrics,
106,"Cushman, S. A., & McGarigal, K.",Metrics and models for quantifying ecological resilience at landscape scales,,,,,2019,54,Ecology,,Metrics,,
107,"Bousquet, F., Botta, A., Alinovi, L., Barreteau, O., Bossio, D., Brown, K., ... & Staver, C.",Resilience and development: mobilizing for transformation,,,,,2016,101,Ecology,Ecology,Case Studies,Survey,TN
108,"Leslie, P., & McCabe, J. T.",Response diversity and resilience in social-ecological systems,,,,,2013,253,Ecology,,Case Studies,,
109,"Downes, B. J., Miller, F., Barnett, J., Glaister, A., & Ellemor, H.","How do we know about resilience? An analysis of empirical research on resilience, and implications for interdisciplinary praxis",,,,,2013,122,Ecology,,Survey,,ET
110,"Linstädter, A., Kuhn, A., Naumann, C., Rasch, S., Sandhage-Hofmann, A., Amelung, W., ... & Bollig, M.",Assessing the resilience of a real-world social-ecological system: lessons from a multidisciplinary evaluation of a South African pastoral system,,,,,2016,63,CAS,Ecology,SM,Metrics,
111,"Liu, X., Li, D., Ma, M., Szymanski, B. K., Stanley, H. E., & Gao, J.",Network resilience,,,,,2022,152,CAS,CAS,Net Analysis,Metrics,
112,"Burla, F., Mulla, Y., Vos, B. E., Aufderhorst-Roberts, A., & Koenderink, G. H.",From mechanical resilience to active material properties in biopolymer networks,,,,,2019,152,Physics,,SM,,
113,"Katal, A., Mortezazadeh, M., & Wang, L. L.",Modeling building resilience against extreme weather by integrated CityFFD and CityBEM simulations,,,,,2019,101,Physics,Climate,SM,Case Studies,
114,"Gao, J., Barzel, B., & Barabási, A. L.",Universal resilience patterns in complex networks,,,,,2016,1210,CAS,CAS,SM,Net Analysis,
115,"Cropp, R., & Gabric, A.",Ecosystem adaptation: do ecosystems maximize resilience?,,,,,2002,119,Ecology,,SM,,
116,"Perrings, C. ",Resilience in the dynamics of economy-environment systems,,,,,1998,377,CAS,,SM,,
117,"Sharma, K., Khatri, S., Cerezo, M., & Coles, P. J.",Noise resilience of variational quantum compiling,,,,,2020,244,Math,,SM,,
118,"Edson, M. C.",A complex adaptive systems view of resilience in a project team,,,,,2012,108,CAS,Org,Case Studies,Case Studies,
119,"Pumpuni‐Lenss, G., Blackburn, T., & Garstenauer, A. ",Resilience in complex systems: an agent‐based approach,,,,,2017,85,CAS,CAS,Net Analysis,Metrics,
120,"Sundstrom, S. M., Angeler, D. G., Garmestani, A. S., Garcia, J. H., & Allen, C. R.",Transdisciplinary application of cross-scale resilience,,,,,2014,49,CAS,CAS,SM,Metrics,
121,"Vert, M., Sharpanskykh, A., & Curran, R. ",Adaptive resilience of complex safety-critical sociotechnical systems: Toward a unified conceptual framework and its formalization,,,,,2021,20,CAS,,Survey,,TN
122,"Olazabal, M.","Resilience, sustainability and transformability of cities as complex adaptive systems",,,,,2017,36,CAS,,Survey,,TN
123,"Rane, N., Choudhary, S., & Rane, J.",Artificial intelligence for enhancing resilience,,,,,2024,10,Engineering,,Tech,,
124,"Gupta, R., Tanwar, S., Kumar, N., & Tyagi, S.",Blockchain-based security attack resilience schemes for autonomous vehicles in industry 4.0: A systematic review,,,,,2020,196,Engineering,,Tech,,
125,"Bojovic, D., & Giupponi,",Understanding the dissemination and adoption of innovations through social network analysis: geospatial solutions for disaster management in Nepal and Kenya,,,,,2020,31,Climate,,Net Analysis,,
126,"Jacobs, D. B., & Cramer, L. A.",Applying information network analysis to fire-prone landscapes: implications for community resilience,,,,,2017,24,Climate,,Net Analysis,,
127,"Kruk, M. E., Ling, E. J., Bitton, A., Cammett, M., Cavanaugh, K., Chopra, M., ... & Warnken, H.",Building resilient health systems: a proposal for a resilience index,,,,,2017,320,Health,,Metrics,,
128,"Haldane, V., De Foo, C., Abdalla, S. M., Jung, A. S., Tan, M., Wu, S., ... & Legido-Quigley, H.",Health systems resilience in managing the COVID-19 pandemic: lessons from 28 countries,,,,,2021,1072,Health,,Case Studies,,
129,"Fleming, P., O'Donoghue, C., Almirall-Sanchez, A., Mockler, D., Keegan, C., Cylus, J., ... & Thomas, S.",Metrics and indicators used to assess health system resilience in response to shocks to health systems in high income countries—A systematic review,,,,,2022,29,Health,,Metrics,,
130,"Castleden, M., McKee, M., Murray, V., & Leonardi, G. ",Resilience thinking in health protection,,,,,2011,287,Health,,Survey,,TN
131,"Borsci, S., Uchegbu, I., Buckle, P., Ni, Z., Walne, S., & Hanna, G. B.",Designing medical technology for resilience: integrating health economics and human factors approaches,,,,,2018,49,Health,,Tech,,
132,"Gardy, J. L., & Loman, N. J.","Towards a genomics-informed, real-time, global pathogen surveillance system",,,,,2018,691,Health,,Tech,,
133,"Yodo, N., & Wang, P. ",Engineering resilience quantification and system design implications: A literature survey,,,,,2016,274,Engineering,,Survey,,TN
134,"Sterbenz, J. P., Hutchison, D., Çetinkaya, E. K., Jabbar, A., Rohrer, J. P., Schöller, M., & Smith, P.","Resilience and survivability in communication networks: Strategies, principles, and survey of disciplines",,,,,2010,1005,Engineering,,Survey,,TN
135,"Olsson, L., Jerneck, A., Thoren, H., Persson, J., & O’Byrne, D.",Why resilience is unappealing to social science: Theoretical and empirical investigations of the scientific use of resilience,,,,,2015,771,Ecology,,Survey,,TN
136,"Allen, C. R., Birge, H. E., Angeler, D. G., Arnold, C. A., Chaffin, B. C., DeCaro, D. A., ... & Gunderson, L. ",Quantifying uncertainty and trade-offs in resilience assessments,,,,,2018,51,Ecology,,Survey,,All
137,"Abid, S. K., Sulaiman, N., Wei, C. S., & Nazir, U. ",Building resilient future: Information technology and disaster management-a Malaysian perspective,,,,,2021,22,Climate,,Tech,,
138,"Evans, D. M., Kitson, J. J., Lunt, D. H., Straw, N. A., & Pocock, M. J.",Merging DNA metabarcoding and ecological network analysis to understand and build resilient terrestrial ecosystems,,,,,2016,183,Ecology,,Net Analysis,,
139,"Francis, R., & Bekera, B.",A metric and frameworks for resilience analysis of engineered and infrastructure systems,,,,,2014,1363,Engineering,,Metrics,,
140,"Gunderson, L. H., & Holling, C. S. ",Panarchy: Understanding transformations in human and natural systems.,,,,,2002,9929,CAS,,Survey,,TN
141,"Folke, C., Carpenter, S., Walker, B., Scheffer, M., Elmqvist, T., Gunderson, L., & Holling, C. S.","Regime shifts, resilience, and biodiversity in ecosystem management",,,,,2004,4900,CAS,,Case Studies,,
142,"Walker, B., Holling, C. S., Carpenter, S. R., & Kinzig, A. ","Resilience, adaptability and transformability in social–ecological systems",,,,,2004,10435,CAS,,Survey,,TN
143,"Levin, S. A.",Ecosystems and the biosphere as complex adaptive systems,,,,,1998,2393,CAS,,Survey,,TN
144,"Carpenter, S. R., Ludwig, D., & Brock, W. A. ",Management of eutrophication for lakes subject to potentially irreversible change,,,,,1999,1261,CAS,CAS,SM,Case Studies,
145,"Anderies, J. M., Janssen, M. A., & Ostrom, E. ",A framework to analyze the robustness of social-ecological systems from an institutional perspective,,,,,2004,2615,CAS,,Metrics,,
146,"Peterson, G., Allen, C. R., & Holling, C. S.","Ecological resilience, biodiversity, and scale",,,,,1998,2334,CAS,,SM,,
147,"Ostrom, E.",Governing the Commons: The Evolution of Institutions for Collective Action,,,,,1990,59010,CAS,CAS,Case Studies,Survey,TN
148,"Pimm, S. L. ",The complexity and stability of ecosystems,,,,,1984,4149,Engineering,Ecology,Survey,,TN
149,"Bodin, P., & Wiman, B.","Resilience and other stability concepts in ecology: Notes on their origin, validity, and usefulness",,,,,2004,337,Engineering,,Survey,,TN
150,"Ludwig, D., Walker, B., & Holling, C. S. ","Sustainability, stability, and resilience",,,,,1997,659,Engineering,,SM,,
151,"Holling, C. S. ",Engineering resilience versus ecological resilience,,,,,1996,3430,Engineering,,Survey,,TN
152,"Desouza, K. C., & Flanery, T. H.","Designing, planning, and managing resilient cities: A conceptual framework",,,,,2013,782,Ecology,Ecology,Case Studies,Survey,TN
153,"Korkali, M., Veneman, J. G., Tivnan, B. F., Bagrow, J. P., & Hines, P. D. ",Reducing cascading failure risk by increasing infrastructure network interdependence,,,,,2017,200,Engineering,,SM,,
154,"Dolgui, A., & Ivanov, D.",Ripple effect and supply chain disruption management: new trends and research directions,,,,,2021,276,Engineering,,Survey,,TN
155,"Anderson, J. E., Ross, A., Back, J., Duncan, M., Hopper, A., Snell, P., & Jaye, P.",Resilience engineering for quality improvement: Case study in a unit for the care of older people,,,,,2018,14,Engineering,,Case Studies,,
156,"Valinejad, J., & Mili, L.",Community resilience optimization subject to power flow constraints in cyber-physical-social systems in power engineering,,,,,2020,10,Engineering,Engineering,SM,Case Studies,
157,"Floreano, D., & Wood, R. J.","Science, technology and the future of small autonomous drones",,,,,2015,1577,Engineering,,Case Studies,,
158,"Othman, U., & Yang, E. ",An overview of human-robot collaboration in smart manufacturing,,,,,2022,21,Engineering,,Survey,,TN
159,"Scheffer, M., & van Nes, E. H.","Shallow lakes theory revisited: various alternative regimes driven by climate, nutrients, depth and lake size",,,,,2007,922,Ecology,Ecology,Case Studies,Survey,TN
160,"Anderies, J. M., Janssen, M. A., & Walker, B. H.","Grazing management, resilience, and the dynamics of a fire-driven rangeland system",,,,,2002,343,Ecology,,SM,,
161,"Walker, B. H., Ludwig, D., Holling, C. S., & Peterman, R. M. ",Stability of semi-arid savanna grazing systems,,,,,1981,1083,Ecology,,SM,,
162,"Berkes, F., Colding, J., & Folke, C.",Navigating social-ecological systems: building resilience for complexity and change,,,,,2008,6380,Ecology,,Tech,,
163,"Lebel, L., Anderies, J. M., Campbell, B., Folke, C., Hatfield-Dodds, S., Hughes, T. P., & Wilson, J. ",Governance and the capacity to manage resilience in regional social-ecological systems,,,,,2006,1958,Ecology,,Case Studies,,
164,"Balmford, A. ",Extinction filters and current resilience: the significance of past selection pressures for conservation biology,,,,,1996,431,Climate,,Metrics,,
165,"Adger, W. N., Hughes, T. P., Folke, C., Carpenter, S. R., & Rockstrom, J. ",Social-ecological resilience to coastal disasters,,,,,2005,3824,Climate,,Survey,,TN
166,"Leichenko, R., & O'Brien, K. ",Climate and society: Transforming the future,,,,,2024,211,Climate,,Survey,,TN
167,"Leichenko, R., & O'Brien, K.",Environmental change and globalization: Double exposures,,,,,2008,843,Climate,,Case Studies,,
168,"O'brien, K. L., & Leichenko, R. M. ",Double exposure: assessing the impacts of climate change within the context of economic globalization,,,,,2000,1621,Climate,,Tech,,
169,"Nelson, D. R., Adger, W. N., & Brown, K.",Adaptation to environmental change: contributions of a resilience framework,,,,,2007,3033,Climate,,Case Studies,,
170,"Adger, W. N., Dessai, S., Goulden, M., Hulme, M., Lorenzoni, I., Nelson, D. R., ... & Wreford, A.",Are there social limits to adaptation to climate change?,,,,,2009,3558,Climate,,Survey,,TN
171,"Adger, W. N.","Social capital, collective action, and adaptation to climate change",,,,,2010,4106,Climate,,Case Studies,,
172,"Adger, W. N., Arnell, N. W., & Tompkins, E. L.",Successful adaptation to climate change across scales,,,,,2005,4575,Climate,,Survey,,TN
173,"Lee, H., Calvin, K., Dasgupta, D., Krinner, G., Mukherji, A., Thorne, P., ... & Zommers, Z.","Climate change 2023: synthesis report. Contribution of working groups I, II and III to the sixth assessment report of the intergovernmental panel on climate …",,,,,2023,399,Climate,,Survey,,All
174,"Lal, R. ",Soil carbon sequestration to mitigate climate change,,,,,2004,4967,Climate,,Tech,,
175,"Tilman, D., & Downing, J. A. ",Biodiversity and stability in grasslands,,,,,1994,3724,Climate,,Long Studies,,
176,"Herrman, H., Stewart, D. E., Diaz-Granados, N., Berger, E. L., Jackson, B., & Yuen, T.",What Is Resilience?,,,,,2011,2337,Health,,Survey,,TN
177,"Norris, F. H., Stevens, S. P., Pfefferbaum, B., Wyche, K. F., & Pfefferbaum, R. L. ","Community resilience as a metaphor, theory, set of capacities, and strategy for disaster readiness",,,,,2008,7008,Health,,Survey,,TN
178,"Aldrich, D. P., & Meyer, M. A.",Social capital and community resilience,,,,,2015,2615,Health,,Case Studies,,
179,"Khan, Y., O’Sullivan, T., Brown, A., Tracey, S., Gibson, J., Généreux, M., ... & Schwartz, B.",Public health emergency preparedness: a framework to promote resilience,,,,,2018,302,Health,,Case Studies,,
180,"Folke, C., Carpenter, S. R., Walker, B., Scheffer, M., Chapin, T., & Rockström, J.","Resilience thinking: integrating resilience, adaptability and transformability",,,,,2010,5992,CAS,,Survey,,TN
181,"Wexler, L. M., DiFluvio, G., & Burke, T. K.",Resilience and marginalized youth: Making a case for personal and collective meaning-making as part of resilience research in public health,,,,,2009,368,Health,,Case Studies,,
182,"da Rosa, V. M., Saurin, T. A., Tortorella, G. L., Fogliatto, F. S., Tonetto, L. M., & Samson, D.",Digital technologies: An exploratory study of their role in the resilience of healthcare services,,,,,2021,61,Health,,Survey,,EN
183,"Wulff, K., Donato, D., & Lurie, N.",What is health resilience and how can we build it?,,,,,2015,230,Health,,Case Studies,,
184,"Cutter, S. L., Burton, C. G., & Emrich, C. T.",Disaster resilience indicators for benchmarking baseline conditions,,,,,2010,2424,Health,,Metrics,,
185,"Werner, E.",Resilience in development,,,,,1995,2050,Psychology,,Long Studies,,
186,"Hill, R.",Families under stress: adjustment to the crises of war separation and return,,,,,1949,206,Psychology,,Survey,,E
187,"Van Breda, A.",Resilience Theory: A Literature Review,,,,,2001,621,Psychology,,Survey,,TN
188,"Luthar, S., & Cicchetti, D.",The construct of resilience: Implications for interventions and social policies,,,,,2000,4108,Psychology,,Survey,,TN
189,"Luthar, S., Cicchetti, D., & Becker, B.",The construct of resilience: A critical evaluation and guidelines for future work,,,,,2000,15917,Psychology,,Survey,,TN
190,"Masten, A.",Ordinary magic: Resilience processes in development,,,,,2001,15181,Psychology,,Long Studies,,
191,"Masten, A., & Reed, M.",Resilience in development,,,,,2002,4524,Psychology,,Long Studies,,
192,"Masten, A. S., & Osofsky, J. D.",Disasters and their impact on child development: Introduction to the special section,,,,,2010,412,Psychology,,Long Studies,,
193,"Rutter, M.",Psychosocial resilience and protective mechanisms,,,,,1987,14098,Psychology,,Long Studies,,
194,"Rutter, M.",Implications of resilience concepts for scientific understanding,,,,,2006,1503,Psychology,,Long Studies,,
195,"McCubbin, H., Joy, C., Cauble, A., Comeau, J., Patterson, J., & Needle, R.",Family stress and coping: A decade review,,,,,1980,1071,Psychology,,Survey,,T
196,"McCubbin, H., Thompson, A., & McCubbin, M.","Family assessment: Resiliency, coping and adaptation: Inventories for research and practice",,,,,1996,1128,Psychology,,Long Studies,,
197,"Walsh, F.",The concept of family resilience: Crisis and challenge,,,,,1996,1735,Psychology,,Survey,,TN
198,"Walsh, F.",A family resilience framework: Innovative practice applications,,,,,2002,1327,Psychology,,Survey,,TN
199,"Yates, T., Egeland, B., & Sroufe, L.",Rethinking resilience: A developmental process perspective,,,,,2003,678,Psychology,,Survey,,TN
200,"Patterson, J. M.",Integrating family resilience and family stress theory,,,,,2002,2078,Psychology,,Survey,,TN
201,"McEwen, B. S.",Protection and damage from acute and chronic stress: allostasis and allostatic overload and relevance to the pathophysiology of psychiatric disorders,,,,,2004,2167,Psychology,,Metrics,,
202,"Connor, K. M., & Davidson, J. R.",Development of a new resilience scale: The Connor‐Davidson resilience scale (CD‐RISC),,,,,2003,16556,Psychology,,Survey,,E
203,"Davidson, R. J.","Affective style, psychopathology, and resilience: brain mechanisms and plasticity.",,,,,2000,1567,Psychology,,Metrics,,
204,"Putra, R., Wardhani, S., Santoso, B., Permata, I., Sharma, B. P., Pratama, A., & Kartika, D. ",Strategic Deployment of Collaborative Intelligence to Enhance Cybersecurity Resilience in Large-Scale Emergency Response Initiatives,,,,,2024,0,Cyber,,Case Studies,,
205,"Adger, W. N.",Social and ecological resilience: Are they related?,,,,,2000,7765,Ecology,,Case Studies,,
206,"Burnard, K., & Bhamra, R.",Organisational resilience: development of a conceptual framework for organisational responses,,,,,2011,967,Org,,Survey,,T
207,"Chandler Jr, A. D.",Strategy and structure: Chapters in the history of the American industrial enterprise,,,,,1969,32134,Org,,Case Studies,,
208,"Charitou, C. D., & Markides, C. C.",Responses to disruptive strategic innovation,,,,,2003,721,Org,,Case Studies,,
209,"Chopra, S., & Sodhi, M. S.",Managing Risk to Avoid Supply-Chain Breakdown,,,,,2004,3588,Org,,Tech,,
210,"Coutu, D. L. ",How Resilience Works,,,,,2002,2850,Org,,Case Studies,,
211,"Fiksel, J., & Fiksel, J.",From risk to resilience,,,,,2015,505,Org,,Tech,,
212,"Gilbert, C. G.",Unbundling the Structure of Inertia: Resource Versus Routine Rigidity,,,,,2005,2059,Org,,Case Studies,,
213,"Hamel, G., & Valikangas, L.",The Quest for Resilience,,,,,2004,2704,Org,,Case Studies,,
214,"Hillmann, J., & Guenther, E.",Organizational Resilience: A Valuable Construct for Management Research?,,,,,2021,850,Org,,Survey,,TN
215,"Bloch, A., Kachaner, N., & Stalk, G.",What you can learn from family business,,,,,2012,20,Org,,Metrics,,
216,"Lengnick-Hall, C. A., & Beck, T. E.",Adaptive Fit Versus Robust Transformation: How Organizations Respond to Environmental Change,,,,,2005,968,Org,,Tech,,
217,"Lengnick-Hall, C. A., Beck, T. E., & Lengnick-Hall, M. L.",Developing a Capacity for Organizational Resilience through Strategic Human Resource Management,,,,,2011,2525,Org,,Survey,,TN
218,"March, J. G.",Exploration and Exploitation in Organizational Learning,,,,,1991,35125,Org,,SM,,
219,"McManus, S., Seville, E., Vargo, J., & Brunsdon, D.",Facilitated Process for Improving Organizational Resilience,,,,,2008,906,Org,,Case Studies,,
220,"Melnyk, S. A., Closs, D. J., Griffis, S. E., Zobel, C. W., & Macdonald, J. R.",Understanding Supply Chain Resilience,,,,,2014,328,Org,,Case Studies,,
221,"Mishra, A. K.",Organizational Responses to Crisis: The Centrality of Trust,,,,,1996,3173,Org,,Case Studies,,
222,"Murphy, L. B.","Vulnerability, Coping, and Growth: From Infancy to Adolescence",,,,,1974,1441,Psychology,,Long Studies,,
223,"Pfeffer, J., & Salancik, G. R.",The External Control of Organizations: A Resource Dependence Perspective,,,,,1978,47319,Org,,Survey,,ET
224,"Reinmoeller, P., & van Baardwijk, N.",The Link Between Diversity and Resilience,,,,,2005,428,Org,,Long Studies,,
225,"Rice, J. B., & Caniato, F.",Building a Secure and Resilient Supply Network,,,,,2003,1167,Org,,Case Studies,,
226,"Sheffi, Y., & Rice, J. B.",A Supply Chain View of the Resilient Enterprise,,,,,2005,2847,Org,,Case Studies,,
227,"Sitkin, S. B.",Learning Through Failure: The Strategy of Small Losses,,,,,1992,2411,Org,,Survey,,TN
228,"Staw, B. M., Sandelands, L. E., & Dutton, J. E.",Threat Rigidity Effects in Organizational Behavior: A Multilevel Analysis,,,,,1981,5446,Org,,Case Studies,,
229,"Vogus, T. J., & Sutcliffe, K. M.",Organizational Resilience: Towards a Theory and Research Agenda,,,,,2007,1288,Org,,Survey,,TN
230,"Weick, K. E., & Sutcliffe, K. M.",Managing the Unexpected: Resilient Performance in an Age of Uncertainty,,,,,2011,4159,Org,,Case Studies,,
231,"Wildavsky, A.",Searching for Safety,,,,,1988,2945,Org,,Case Studies,,
232,"Williams, T. A., Gruber, D. A., Sutcliffe, K. M., Shepherd, D. A., & Zhao, E. Y.",Organizational Response to Adversity: Fusing Crisis Management and Resilience Research Streams,,,,,2017,1972,Org,,Survey,,TN
233,"Ahamed, A. J., Nummela, N., & Vissak, T.",When East Meets West in Building Organisational Resilience: An Exploratory Study Among Bangladeshi Exporters,,,,,2025,0,Org,,Long Studies,,
234,"Kim, K., Andrew, S. A., & Jung, K.",Building Resilient Organizations: Organizational Resilience as a Network Outcome,,,,,2021,37,Org,Org,Net Analysis,Survey,E
235,"Do, H., Budhwar, P., Shipton, H., Nguyen, H. D., & Nguyen, B.","Building organizational resilience, innovation through resource-based management initiatives, organizational learning and environmental dynamism",,,,,2022,312,Org,,Long Studies,,
236,"Sawalha, I. H. S.",Managing adversity: understanding some dimensions of organizational resilience,,,,,2015,219,Org,,Survey,,E
237,"Aliane, N., & Zakariya, A.",https://cybercrimejournal.com/menuscript/index.php/cybercrimejournal/article/view/237/88,,,,,2023,2,Cyber,,Survey,,E
238,"Falowo, O. I., Ozer, M., Li, C., & Abdo, J. B.",Evolving Malware & DDoS Attacks: Decadal Longitudinal Study,,,,,2024,16,Cyber,,Long Studies,,
239,"Trim, P. R., & Lee, Y. I.",Combining sociocultural intelligence with Artificial Intelligence to increase organizational cyber security provision through enhanced resilience,,,,,2022,59,Cyber,,Tech,,
240,"Bodeau, D. J., Graubart, R. D., McQuaid, R. M., & Woodill, J. ","Cyber resiliency metrics, measures of effectiveness, and scoring",,,,,2018,18,Cyber,,Metrics,,
241,"Barker, K., Lambert, J. H., Zobel, C. W., Tapia, A. H., Ramirez-Marquez, J. E., Albert, L., ... & Caragea, C.",Defining resilience analytics for interdependent cyber-physical-social networks,,,,,2017,109,Cyber,,Case Studies,,
242,"Ibne Hossain, N. U., Nagahi, M., Jaradat, R., Shah, C., Buchanan, R., & Hamilton, M.",Modeling and assessing cyber resilience of smart grid using Bayesian network-based approach: a system of systems problem,,,,,2020,74,Cyber,,SM,,
243,"Ongkowijoyo, C., & Doloi, H.",Determining critical infrastructure risks using social network analysis,,,,,2017,28,Cyber,,Net Analysis,,
244,"Miceli, A., Hagen, B., Riccardi, M. P., Sotti, F., & Settembre-Blundo, D.","Thriving, not just surviving in changing times: How sustainability, agility and digitalization intertwine with organizational resilience",,,,,2021,348,Org,,Survey,,TN
245,"Aebi, S., Hauri, A., & Kamberaj, J. ","Critical infrastructure resilience in Ukraine: Energy, transportation, and communication",,,,,2024,1,Org,Cyber,Case Studies,,
246,"Clark, J. N.",Resilience as a 'concept at work'in the war in Ukraine: Exploring its international and domestic significance,,,,,2024,4,Ecology,,Case Studies,,
247,"Fedorchak, V.",The Russia-Ukraine war: towards resilient fighting power,,,,,2024,12,Org,Cyber,Case Studies,,
248,"Kurnyshova, Y.",Ukraine at war: resilience and normative agency,,,,,2023,17,Ecology,,Survey,,TN
249,"Zhang, J., Long, J., & Von Schaewen, A. M. E.",How does digital transformation improve organizational resilience?—findings from PLS-SEM and fsQCA,,,,,2021,177,Org,,Survey,,E
250,"He, Z., Huang, H., Choi, H., & Bilgihan, A.",Building organizational resilience,,,,,2023,269,Org,,Survey,,E
251,"Deep, G.",Digital transformation's impact on organizational culture,,,,,2023,18,Org,,Case Studies,,
252,"Smith, B. W., Dalen, J., Wiggins, K., Tooley, E., Christopher, P., & Bernard, J. ",The brief resilience scale: Assessing the ability to bounce back.,,,,,2008,7516,Psychology,Health,Survey,,E
253,"Bacon, F. ",Sylva sylvarum,,,,,1807,214,Physics,,Survey,,TN
254,"Safitra, M. F., Lubis, M., & Fakhrurroja, H.",Counterattacking cyber threats: A framework for the future of cybersecurity,,,,,2023,159,Org,Cyber,Survey,,TN
255,"Choo, K. K. R.",The cyber threat landscape: Challenges and future research directions,,,,,2011,781,Cyber,,Survey,,TN
256,Bank for International Settlements,Basel III: A global regulatory framework for more resilient banks and banking systems,,,,,2011,,Cyber,,Survey,,T
257,"Alexander, D. E.",Resilience and disaster risk reduction: an etymological journey,,,,,2013,1881,Climate,,Survey,,T
258,"Gößling-Reisemann, S., Hellige, H. D., & Thier, P.",The Resilience Concept: From its historical roots to theoretical framework for critical infrastructure design,,,,,2018,16,CAS,Ecology,Survey,,T
259,"Hoffman, R. M.",A generalized concept of resilience,,,,,1948,93,CAS,Org,Survey,,TN
260,"Pelorosso, R., Gobattoni, F., & Leone, A.",The low-entropy city: A thermodynamic approach to reconnect urban systems with nature,,,,,2017,94,Physics,,Metrics,Survey,TN
261,"Bowes, L., & Jaffee, S. R.","Biology, genes, and resilience: toward a multidisciplinary approach",,,,,2013,183,Psychology,,Tech,Survey,T
262,"Southwick, S. M., Bonanno, G. A., Masten, A. S., Panter-Brick, C., & Yehuda, R.","Resilience definitions, theory, and challenges: interdisciplinary perspectives",,,,,2014,3951,Psychology,Ecology,Survey,,ET
263,"Feder, A., Fred-Torres, S., Southwick, S. M., & Charney, D. S.",The biology of human resilience: Opportunities for enhancing resilience across the life span,,,,,2019,331,Psychology,,Survey,,T
264,"Holling, C. S. ",The strategy of building models of complex ecological systems,,,,,1966,173,CAS,Ecology,SM,,
265,"Cutter, S. L., Barnes, L., Berry, M., Burton, C., Evans, E., Tate, E., & Webb, J.",A place-based model for understanding community resilience to natural disasters,,,,,2008,5731,Climate,Ecology,Metrics,Survey,T
266,"Strogatz, S. H.","Nonlinear dynamics and chaos with student solutions manual: With applications to physics, biology, chemistry, and engineering",,,,,2018,19098,,,,,
267,"Åström, K. J., & Murray, R.",Feedback systems: an introduction for scientists and engineers,,,,,2021,4434,Engineering,CAS,SM,,
268,"Zhu, Q. ","Nonlinear systems: Dynamics, control, optimization and applications to the science and engineering",,,,,2022,3,,,,,
269,"Legner, C., Eymann, T., Hess, T., Matt, C., Böhmann, T., Drews, P., ... & Ahlemann, F.",Digitalization: opportunity and challenge for the business and information systems engineering community,,,,,2017,1526,,,,,
270,"Almeida, F., Santos, J. D., & Monteiro, J. A.",The challenges and opportunities in the digitalization of companies in a post-COVID-19 World,,,,,2020,808,Org,Cyber,Tech,,
271,"Annarelli, A., Nonino, F., & Palombi, G.",Understanding the management of cyber resilient systems,,,,,2020,99,Org,Cyber,Case Studies,,
272,"Hausken, K.","Cyber resilience in firms, organizations and societies",,,,,2020,94,Cyber,,Survey,,T
273,"Björck, F., Henkel, M., Stirna, J., & Zdravkovic, J.",Cyber resilience–fundamentals for a definition,,,,,2015,226,Cyber,,Survey,,T
274,"Agrafiotis, I., Nurse, J. R., Goldsmith, M., Creese, S., & Upton, D.",A taxonomy of cyber-harms: Defining the impacts of cyber-attacks and understanding how they propagate,,,,,2018,444,Cyber,,Case Studies,,
275,"Onwubiko, C.",Focusing on the recovery aspects of cyber resilience,,,,,2020,32,Cyber,,Survey,,TN
276,"Almassalkhi, M. R., & Hiskens, I. A.",Model-predictive cascade mitigation in electric power systems with storage and renewables Part I: Theory and implementation,,,,,2014,118,Math,Engineering,SM,,
277,"Newman, M.",Networks,,,,,2018,21130,Math,,Net Analysis,,
278,"Peng, X., Yao, H., Du, J., Wang, Z., & Ding, C.",Invulnerability of scale-free network against critical node failures based on a renewed cascading failure model,,,,,2015,63,Math,Engineering,SM,Net Analysis,
279,"Walpole, R. E., & Myers, R. H. ",Probability and statistics for engineers and scientists,,,,,2009,8750,Math,,Survey,,N
280,"Maier, H. R., Lence, B. J., Tolson, B. A., & Foschi, R. O. ","First-order reliability method for estimating reliability, vulnerability, and resilience",,,,,2001,197,Math,,SM,Metrics,
281,"Ben-Tal, A., & Nemirovski, A. ",Robust convex optimization,,,,,1998,3583,,,,,
282,"Emenike, S. N., & Falcone, G.",A review on energy supply chain resilience through optimization,,,,,2020,163,Math,,SM,Survey,T
283,"Myerson, R. B.",Game theory,,,,,2013,9357,,,,,
284,"Zhu, Q., & Basar, T.","Game-theoretic methods for robustness, security, and resilience of cyberphysical control systems: games-in-games principle for optimal cross-layer resilient control systems",,,,,2015,480,Math,Cyber,SM,,
285,"Callister, W. D., & Rethwisch, D. G. ",Materials science and engineering: an introduction,,,,,1999,391,Physics,,Survey,,T
286,"Gim, J., Schnitzer, N., Otter, L. M., Cui, Y., Motreuil, S., Marin, F., ... & Hovden, R. ",Nanoscale deformation mechanics reveal resilience in nacre of Pinna nobilis shell,,,,,2019,95,Physics,,Metrics,,
287,"Crandall, S. H. ",The role of damping in vibration theory,,,,,1970,639,,,,,
288,"Roques, L., & Chekroun, M. D.",On population resilience to external perturbations,,,,,2007,31,Physics,,SM,Metrics,
289,"Gibbs, J. W. ",The Collected Works of J. Willard Gibbs...: Thermodynamics.,,,,,1928,2260,,,,,
290,"Marconi, U. M. B., Puglisi, A., Rondoni, L., & Vulpiani, A. ",Fluctuation–dissipation: response theory in statistical physics,,,,,2008,866,,,,,
291,"Wangersky, P. J.",Lotka-Volterra population models,,,,,1978,388,Math,CAS,SM,,
292,"Heinimann, H. R., & Hatfield, K. ","Infrastructure resilience assessment, management and governance–state and perspectives",,,,,2017,104,CAS,,Survey,,TN
293,"Helbing, D.",Agent-Based Modeling,,,,,2012,457,CAS,,SM,,
294,"Folke, C., Carpenter, S., Walker, B., Scheffer, M., Elmqvist, T., Gunderson, L., & Holling, C. S.","Regime shifts, resilience, and biodiversity in ecosystem management",,,,,2004,4900,CAS,,Case Studies,,
295,D Ivanov,"Viable supply chain model: integrating agility, resilience and sustainability perspectives—lessons from and thinking beyond the COVID-19 pandemic",,,,,2022,1301,Engineering,,Survey,,TN
296,"Da Silva, A. S., Smith, P., Mauthe, A., & Schaeffer-Filho, A. ",Resilience support in software-defined networking: A survey,,,,,2015,83,Engineering,Cyber,Survey,,T
297,"Panteli, M., Mancarella, P., Trakas, D. N., Kyriakides, E., & Hatziargyriou, N. D. ",Metrics and quantification of operational and infrastructure resilience in power systems,,,,,2017,858,Engineering,Cyber,SM,Metrics,
298,"Andoni, M., Robu, V., Flynn, D., Abram, S., Geach, D., Jenkins, D., ... & Peacock, A.",Blockchain technology in the energy sector: A systematic review of challenges and opportunities,,,,,2019,2812,Engineering,Org,Case Studies,Survey,ET
299,"Ucar, A., Karakose, M., & Kırımça, N.","Artificial intelligence for predictive maintenance applications: key components, trustworthiness, and future trends",,,,,2024,137,Engineering,Cyber,Survey,,TN
300,"Francis, R., & Bekera, B.",A metric and frameworks for resilience analysis of engineered and infrastructure systems,,,,,2014,1412,Engineering,Ecology,Metrics,Survey,T
301,"S Meerow, JP Newell, M Stults",Defining urban resilience: A review,,,,,2016,3285,Ecology,Climate,Survey,,TN
302,"Cutter, S. L.",The landscape of disaster resilience indicators in the USA,,,,,2016,886,Ecology,Climate,Metrics,Case Studies,
303,United Nations Office for Disaster Risk Reduction. ,Global assessment report on disaster risk reduction 2022: Our world at risk: Transforming governance for a resilient future,,,,,2022,248,Climate,,Case Studies,Survey,N
304,"Teece, D. J.",Explicating dynamic capabilities: the nature and microfoundations of (sustainable) enterprise performance,,,,,2007,20289,Org,,Survey,,TN
305,"Barasa, E., Mbau, R., & Gilson, L.",What is resilience and how can it be nurtured? A systematic review of empirical literature on organizational resilience,,,,health + org manag,2018,904,Health,Org,Case Studies,Survey,E
306,"Bhamra, R., Dani, S., & Burnard, K.","Resilience: the concept, a literature review and future directions",,,,,2011,2196,Org,,Survey,,TN
307,"Woods, D. D.",Four concepts for resilience and the implications for the future of resilience engineering,,,,,2015,1042,Cyber,,Survey,,TN
308,"ISO, I.",22301: 2019 “Security and Resilience—Business Continuity Management Systems—Requirements”,,,,,2019,28,Org,Cyber,Survey,,N
309,"Lostri, E. ",Shared Responsibility: Public-Private Cooperation for Cybersecurity,,,,,2022,10,Cyber,,Case Studies,Survey,TN
310,"Adobor, H., & McMullen, R. S.",Supply chain resilience: a dynamic and multidimensional approach,,,,,2018,326,CAS,Org,Survey,,TN
311,"Dupont, B.",The cyber-resilience of financial institutions: significance and applicability,,,,,2019,179,Cyber,Org,Survey,,TN
312,"Watkins, A., & Wilber, K.",Wicked & wise: How to solve the world's toughest problems,,,,,2015,71,CAS,Psychology,Survey,,TN
313,"Boin, A., & Van Eeten, M. J.",The resilient organization,,,,,2013,702,Org,,Case Studies,,
314,"Calder, A.",ISO 22301: 2019 and business continuity management,,,,,2025,7,Org,Cyber,Tech,Metrics,
315,"Klein, G.",Performing a project premortem,,,,,2007,503,Psychology,Org,Tech,,
316,"Westrum, R.",A typology of organisational cultures,,,,,2004,686,Org,,Case Studies,Survey,T
317,"Lanzara, G. F.",Between transient constructs and persistent structures: designing systems in action,,,,,1999,231,CAS,Org,Case Studies,,
318,"Henfridsson, O., & Bygstad, B. ",The Generative Mechanisms of Digital Infrastructure Evolution,,,,,2013,1206,Org,,Case Studies,Survey,E
319,"Chester, M., Underwood, B. S., Allenby, B., Garcia, M., Samaras, C., Markolf, S., ... & Miller, T. R. ",Infrastructure resilience to navigate increasingly uncertain and complex conditions in the Anthropocene,,,,,2021,78,CAS,Engineering,Survey,,TN
320,"Skopik, F., Settanni, G., & Fiedler, R.",A problem shared is a problem halved: A survey on the dimensions of collective cyber defense through security information sharing,,,,,2016,358,Cyber,Org,Survey,,TN
321,"Bada, M., Sasse, A. M., & Nurse, J. R.",Cyber security awareness campaigns: Why do they fail to change behaviour?,,,,,2019,818,Psychology,Cyber,Tech,Case Studies,
322,"Albert, R., Jeong, H., & Barabási, A. L.",Error and attack tolerance of complex networks,,,,,2000,11209,CAS,Engineering,Net Analysis,,
323,"Brauer, F.",Compartmental models in epidemiology,,,,,2008,811,Health,,SM,,
324,"Grefenstette, J. J., Brown, S. T., Rosenfeld, R., DePasse, J., Stone, N. T., Cooley, P. C., ... & Burke, D. S. ",FRED (A Framework for Reconstructing Epidemic Dynamics): an open-source software system for modeling infectious diseases and control strategies using census-based populations,,,,,2013,270,CAS,Health,SM,,
325,"Luke, D. A., & Stamatakis, K. A.","Systems science methods in public health: dynamics, networks, and agents",,,,,2012,793,Health,,SM,Net Analysis,
326,"Bodin, Ö., & Crona, B. I.",The role of social networks in natural resource governance: What relational patterns make a difference?,,,,,2009,2132,CAS,Ecology,Net Analysis,,
327,"Hahn, T., Schultz, L., Folke, C., & Olsson, P.",Social networks as sources of resilience in social-ecological systems,,,,,2008,103,CAS,Ecology,Net Analysis,,
328,"Franco-Gaviria, F., Amador-Jiménez, M., Millner, N., Durden, C., & Urrego, D. H. ",Quantifying resilience of socio-ecological systems through dynamic Bayesian networks,,,,,2022,14,CAS,Ecology,SM,,
329,"Dawson, R. J., Peppe, R., & Wang, M. ",An agent-based model for risk-based flood incident management,,,,,2011,440,CAS,Climate,SM,,
330,"Aydin, N. Y., Duzgun, H. S., Wenzel, F., & Heinimann, H. R.",Integration of stress testing with graph theory to assess the resilience of urban road networks under seismic hazards,,,,,2018,137,Climate,,SM,Net Analysis,
331,"Gim, J., & Shin, S.",Disaster vulnerability and community resilience factors affecting post-disaster wellness: A longitudinal analysis of the Survey on the Change of Life of Disaster Victim,,,,,2022,33,Health,Climate,Long Studies,,
332,"Aase, K., Guise, V., Billett, S., Sollid, S. J. M., Njå, O., Røise, O., ... & Wiig, S. ",Resilience in healthcare (RiH): a longitudinal research programme protocol,,,,,2020,50,Health,,Long Studies,,
333,"Reza, M. I. H., Hossain, M. A., & Uddin, S. B.","Recreational Forests for Co-Benefits-Conservation, Tourism, and Well-Being",,,,,2025,0,Psychology,Ecology,Tech,,
334,"López-Marrero, T., & Tschakert, P.",From theory to practice: building more resilient communities in flood-prone areas,,,,,2011,204,Climate,,Case Studies,,
335,"Ziemke, T., Schaefer, K. E., & Endsley, M. ",Situation awareness in human-machine interactive systems,,,,,2017,37,CAS,Engineering,Tech,,
336,"Maher, M., Kaziunas, E., Ackerman, M., Derry, H., Forringer, R., Miller, K., ... & Choi, S. W. ",User-centered design groups to engage patients and caregivers with a personalized health information technology tool,,,,,2016,78,Health,,Tech,,
337,"Eakin, H., & Luers, A. L.",Assessing the Vulnerability of Social-Environmental Systems ,,,,,2006,1740,Ecology,Ecology,Metrics,,
338,"Arnold, J. L., Levine, B. N., Manmatha, R., Lee, F., Shenoy, P., Tsai, M. C., ... & Walsh, D. A.",Information-sharing in out-of-hospital disaster response: the future role of information technology,,,,,2004,75,Health,Climate,Tech,,
339,"Hollnagel, E.",Resilience engineering in practice: A guidebook,,,,,2013,1136,Engineering,,Case Studies,,
